ENGINE,SIZE,MODEL,PREFIX,QUERY,RESULTS,TIME_AVG,TIME_STD,CPU_MAX_AVG,CPU_MAX_STD,CPU_AVG_AVG,CPU_AVG_STD,RSS_MAX_AVG,RSS_MAX_STD,RSS_AVG_AVG,RSS_AVG_STD
blazegraph,60k,prop_time,blazegraph-60k-prop_time.prop_time,1,True,2953.5,201.722209982,24.06,0.49638694584,23.9771290508,0.487873602407,2041412.4,11920.2626078,2033276.25936,18087.7559245
blazegraph,ghostbusters,sop,blazegraph-ghostbusters-sop.sop,1,True,712.4,24.2,12.63,0.219317121995,12.580197401,0.213190306034,1073185.2,75604.8381954,1059231.93742,75798.5132418
virtuoso,90k,sop,virtuoso-90k-sop.sop,1,True,407.5,134.017349623,15.8,0.0,15.8,5.3290705182e-16,2720524.0,0.0,2720524.0,0.0
virtuoso,ghostbusters,prop_time,virtuoso-ghostbusters-prop_time.prop_time,1,True,515.5,62.3478147171,1.9,0.0,1.9,6.66133814775e-17,2664760.0,0.0,2664736.0,72.0
virtuoso,30k,prop_number,virtuoso-30k-prop_number.prop_number,1,True,1544.2,70.6198272442,2.1,0.0,2.1,0.0,2665850.0,1006.0,2665850.0,1006.0
virtuoso,1k,prop_number,virtuoso-1k-prop_number.prop_number,1,True,261.1,37.5671398965,1.9,0.0,1.9,8.881784197e-17,2664504.0,0.0,2664504.0,0.0
blazegraph,ghostbusters,seq,blazegraph-ghostbusters-seq.seq,1,True,352.9,43.6771107103,11.47,0.0640312423743,11.4450894471,0.0912545563331,1087606.0,9121.53903681,1081327.5836,18763.4207068
virtuoso,ghostbusters,seq,virtuoso-ghostbusters-seq.seq,1,True,249.1,17.7056488161,2.0,0.0,2.0,0.0,2664760.0,0.0,2664760.0,0.0
virtuoso,90k,uri,virtuoso-90k-uri.uri,1,True,8041.8,91.6523867665,14.7,0.0,14.7,1.37596009118e-15,2719732.0,0.0,2719732.0,0.0
blazegraph,30k,sop,blazegraph-30k-sop.sop,1,True,2116.6,53.4325743344,22.34,0.443170396123,22.24971905,0.452508724275,1975942.4,1132.06529847,1975815.00147,794.350781371
blazegraph,1k,seq,blazegraph-1k-seq.seq,1,True,91.8,37.2365411928,5.93,0.0640312423743,5.88878787879,0.0679378277122,316816.4,1261.72510477,316488.222857,1174.49199576
virtuoso,90k,prop_time,virtuoso-90k-prop_time.prop_time,1,True,2144.5,72.948269342,14.32,0.04,14.32,0.04,2718412.0,0.0,2718412.0,0.0
blazegraph,90k,list,blazegraph-90k-list.list,1,True,239752.8,14632.782803,27.54,0.566038867923,27.4261757414,0.488671503921,2297045.2,242992.085099,2195598.70888,227122.107237
blazegraph,1k,uri,blazegraph-1k-uri.uri,1,True,103.9,7.23118247592,5.8,0.0632455532034,5.78037878788,0.0455912716382,322970.8,2806.61393141,322482.162471,2788.75545149
virtuoso,30k,uri,virtuoso-30k-uri.uri,1,True,3454.0,149.396117754,2.1,0.0,2.1,0.0,2664760.0,0.0,2664760.0,0.0
blazegraph,60k,sop,blazegraph-60k-sop.sop,1,True,4220.2,51.376648392,31.38,0.252190404258,31.3317841453,0.268010393616,2807064.8,15457.1903061,2805227.05316,14857.241911
blazegraph,30k,prop_time,blazegraph-30k-prop_time.prop_time,1,True,1422.8,73.0681873321,13.89,0.432319326424,13.8156180549,0.439410773319,1451170.0,267788.973014,1406884.84819,272832.808439
virtuoso,30k,sop,virtuoso-30k-sop.sop,1,True,359.2,54.7536300166,2.1,0.0,2.1,0.0,2666856.0,0.0,2666856.0,0.0
blazegraph,120k,sop,blazegraph-120k-sop.sop,1,True,8431.6,127.027713512,41.63,0.357910603363,41.5707100574,0.360176021455,4568001.6,2255.3880021,4567727.50979,1727.39494157
blazegraph,60k,list,blazegraph-60k-list.list,1,True,109231.8,6604.76230912,23.94,0.576541412216,23.8257177388,0.546896491689,2017642.8,394124.872232,1901073.02618,428276.747321
virtuoso,1k,uri,virtuoso-1k-uri.uri,1,True,241.0,24.1619535634,1.9,0.0,1.9,1.19574679206e-16,2664504.0,0.0,2664504.0,0.0
virtuoso,60k,prop_number,virtuoso-60k-prop_number.prop_number,1,True,590781.3,8685.23412523,12.77,0.983920728514,12.6112730845,0.974596312655,2718412.0,0.0,2718412.0,0.0
virtuoso,ghostbusters,uri,virtuoso-ghostbusters-uri.uri,1,True,1155.1,54.4599853103,2.0,0.0,2.0,0.0,2664760.0,0.0,2664760.0,0.0
virtuoso,90k,list,virtuoso-90k-list.list,1,True,151007.6,2661.26872751,14.59,0.07,14.5726639697,0.0768285081853,2719732.0,0.0,2719689.73754,126.787378579
virtuoso,1k,prop_time,virtuoso-1k-prop_time.prop_time,1,True,134.3,9.25256721132,1.8,0.0,1.8,8.881784197e-17,2664504.0,0.0,2664504.0,0.0
blazegraph,30k,uri,blazegraph-30k-uri.uri,1,True,2512.5,138.882144281,18.72,0.394461658466,18.6497404455,0.409498008741,1432507.2,352388.58282,1392431.84685,371208.321339
blazegraph,120k,prop_time,blazegraph-120k-prop_time.prop_time,1,True,5860.7,282.523998981,32.61,0.375366487582,32.5619280924,0.383035144799,2809953.6,27344.2752005,2801349.95005,14284.0231806
virtuoso,90k,prop_number,virtuoso-90k-prop_number.prop_number,1,True,3410.7,98.0836887561,14.7,0.0,14.7,1.06581410364e-15,2719732.0,0.0,2719732.0,0.0
virtuoso,1k,seq,virtuoso-1k-seq.seq,1,True,41.0,3.03315017762,1.9,0.0,1.9,1.01753620973e-16,2664504.0,0.0,2664504.0,0.0
virtuoso,ghostbusters,list,virtuoso-ghostbusters-list.list,1,True,62753.3,829.366270112,1.95,0.05,1.94529236868,0.0472090351716,2664760.0,0.0,2664760.0,0.0
blazegraph,ghostbusters,uri,blazegraph-ghostbusters-uri.uri,1,True,761.8,39.0891289235,10.91,0.181383571472,10.8417445288,0.177266220916,755566.4,165273.4472,732525.512332,161488.145818
blazegraph,30k,list,blazegraph-30k-list.list,1,True,79059.3,6263.64250337,16.63,0.868389313615,16.4240733679,0.938299090051,1078614.4,392263.912476,977701.27212,403932.841873
blazegraph,1k,prop_time,blazegraph-1k-prop_time.prop_time,1,True,132.5,83.5131726137,2.79,0.298161030318,2.70734469697,0.375351419533,281779.2,10126.3906778,279664.947549,10724.8160674
blazegraph,120k,prop_number,blazegraph-120k-prop_number.prop_number,1,True,12102.0,795.447798413,38.89,0.650307619516,38.808334129,0.66762478334,4516890.4,59887.1676458,4471053.5134,54750.4149973
virtuoso,ghostbusters,sop,virtuoso-ghostbusters-sop.sop,1,True,375.7,67.7850278454,2.0,0.0,2.0,0.0,2664760.0,0.0,2664760.0,0.0
virtuoso,60k,sop,virtuoso-60k-sop.sop,1,True,353.8,52.0034614233,14.7,0.0,14.7,7.1054273576e-16,2719732.0,0.0,2719732.0,0.0
virtuoso,120k,seq,virtuoso-120k-seq.seq,1,True,1006.9,12.7,15.0,0.0,15.0,0.0,2720524.0,0.0,2720524.0,0.0
virtuoso,30k,seq,virtuoso-30k-seq.seq,1,True,386.2,18.8138247042,2.1,0.0,2.1,0.0,2664760.0,0.0,2664760.0,0.0
virtuoso,120k,list,virtuoso-120k-list.list,1,True,213876.5,6906.56292594,14.86,0.0916515138991,14.8514284277,0.0896628123681,2720524.0,0.0,2720524.0,0.0
virtuoso,1k,sop,virtuoso-1k-sop.sop,1,True,271.2,53.6391647959,1.9,0.0,1.9,6.66133814775e-17,2664504.0,0.0,2664504.0,0.0
virtuoso,60k,uri,virtuoso-60k-uri.uri,1,False,0,0,0,0,0,0,0,0,0,0
blazegraph,ghostbusters,prop_number,blazegraph-ghostbusters-prop_number.prop_number,1,True,881.0,23.5584379788,11.9,0.18973665961,11.8569543061,0.200568880285,1168784.8,38166.4044856,1155975.09097,35465.9104953
blazegraph,ghostbusters,prop_time,blazegraph-ghostbusters-prop_time.prop_time,1,True,480.5,47.4747301203,6.36,0.290516780927,6.30538510622,0.285418810554,557382.0,118254.877227,538803.909723,118215.480509
virtuoso,30k,list,virtuoso-30k-list.list,1,True,71396.2,708.205168013,2.06,0.0489897948557,2.05739932588,0.0474638559684,2664760.0,0.0,2664760.0,0.0
virtuoso,60k,prop_time,virtuoso-60k-prop_time.prop_time,1,False,0,0,0,0,0,0,0,0,0,0
blazegraph,90k,uri,blazegraph-90k-uri.uri,1,True,6256.0,350.059423527,27.72,0.324961536185,27.6642919294,0.345069087215,2420691.2,269831.859728,2386862.63589,310036.255795
blazegraph,1k,sop,blazegraph-1k-sop.sop,1,True,101.9,4.08533964316,5.71,0.03,5.69818181818,0.014482819688,327045.6,6030.85697393,325955.990303,6058.61952858
blazegraph,120k,uri,blazegraph-120k-uri.uri,1,True,9565.0,904.829707735,35.93,0.494064773081,35.8701705822,0.505034157409,4309280.4,177300.295359,4284687.74937,159960.273374
virtuoso,ghostbusters,prop_number,virtuoso-ghostbusters-prop_number.prop_number,1,True,730.6,76.0384113458,2.0,0.0,2.0,0.0,2664760.0,0.0,2664760.0,0.0
blazegraph,90k,prop_time,blazegraph-90k-prop_time.prop_time,1,True,4427.0,184.8004329,28.13,0.494064773081,28.0611651256,0.490141408993,2245352.0,149.54865429,2245336.69934,146.336614411
virtuoso,90k,seq,virtuoso-90k-seq.seq,1,True,781.3,37.6750580623,14.7,0.0,14.7,9.56597433645e-16,2719732.0,0.0,2719732.0,0.0
blazegraph,1k,list,blazegraph-1k-list.list,1,True,3026.2,867.909419237,5.14,0.776144316477,4.96593315598,0.840393085155,321666.0,5217.47808812,317824.145258,6416.46048386
blazegraph,60k,prop_number,blazegraph-60k-prop_number.prop_number,1,True,5491.0,320.523634074,26.22,0.589576118919,26.1245556815,0.598643047226,2223976.0,33528.3624414,2213475.87087,42121.1942102
blazegraph,60k,uri,blazegraph-60k-uri.uri,1,True,4447.5,313.216618333,24.16,0.471593044902,24.0755675005,0.486037265244,1854744.4,299675.088686,1823474.66516,322165.442621
virtuoso,60k,seq,virtuoso-60k-seq.seq,1,False,0,0,0,0,0,0,0,0,0,0
virtuoso,120k,sop,virtuoso-120k-sop.sop,1,True,382.4,53.9948145658,15.9,0.0,15.9,9.56597433645e-16,2720761.6,79.2,2720739.2,98.0089791805
virtuoso,30k,prop_time,virtuoso-30k-prop_time.prop_time,1,True,957.8,69.6674960078,2.0,0.0,2.0,0.0,2664760.0,0.0,2664760.0,0.0
virtuoso,1k,list,virtuoso-1k-list.list,1,True,33361.0,438.748675212,1.89,0.03,1.88080839353,0.0384257535473,2664504.0,0.0,2664504.0,0.0
blazegraph,90k,sop,blazegraph-90k-sop.sop,1,True,6369.8,144.21151133,40.46,0.300665927567,40.4241074993,0.299293685031,4538341.6,46796.0058877,4532096.92866,54974.1415896
blazegraph,90k,seq,blazegraph-90k-seq.seq,1,True,3036.5,129.165204293,28.64,0.210713075057,28.5969695172,0.204786745766,2603455.6,34787.3207454,2593623.03043,41487.217932
blazegraph,30k,seq,blazegraph-30k-seq.seq,1,True,1026.1,59.8288391998,19.58,0.124899959968,19.5507330565,0.130484521174,1798311.6,13540.3713332,1795314.01208,13112.0901981
virtuoso,120k,prop_number,virtuoso-120k-prop_number.prop_number,1,False,0,0,0,0,0,0,0,0,0,0
blazegraph,30k,prop_number,blazegraph-30k-prop_number.prop_number,1,True,2991.2,134.108761832,20.75,0.494469412603,20.64141742,0.490083293105,1966426.4,20475.9242976,1957107.11211,32115.7302898
blazegraph,120k,list,blazegraph-120k-list.list,1,True,713186.5,43829.6241605,34.12,0.70256672281,34.0195266907,0.743424223384,3853246.0,542739.783246,3694000.47174,503742.41303
blazegraph,90k,prop_number,blazegraph-90k-prop_number.prop_number,1,True,8067.2,403.503605932,30.07,0.542309874518,29.9886694127,0.54016849634,2698618.4,129766.395147,2678589.00789,126261.445404
blazegraph,60k,seq,blazegraph-60k-seq.seq,1,True,1026.8,52.2068960962,25.02,0.06,24.997319015,0.0543973866751,2078441.2,713.544504569,2078389.67876,612.530337675
virtuoso,60k,list,virtuoso-60k-list.list,1,False,0,0,0,0,0,0,0,0,0,0
blazegraph,ghostbusters,list,blazegraph-ghostbusters-list.list,1,True,15836.4,994.103636448,9.36,0.73511903798,9.18391564593,0.849552652931,677552.0,82258.1277881,659916.252605,83258.4745845
blazegraph,1k,prop_number,blazegraph-1k-prop_number.prop_number,1,True,122.4,9.98198377077,5.84,0.0489897948557,5.8247988678,0.0459217129988,319091.2,2647.03777079,317389.66965,2719.65711843
virtuoso,120k,uri,virtuoso-120k-uri.uri,1,True,11290.7,296.501956149,15.0,0.0,15.0,0.0,2720524.0,0.0,2720524.0,0.0
blazegraph,120k,seq,blazegraph-120k-seq.seq,1,True,4554.5,512.291957774,37.24,0.257681974535,37.2108166085,0.258401451851,4442496.0,67953.7469519,4435181.90012,62292.969013
virtuoso,120k,prop_time,virtuoso-120k-prop_time.prop_time,1,True,2652.5,108.623432095,14.7,0.0,14.7,7.1054273576e-16,2720524.0,0.0,2720446.20177,233.394690266
